satisfaction,effort,time,req_1,req_2,req_3,req_4,req_5,req_6,req_7,req_8,req_9,req_10,req_11,req_12,req_13,req_14,req_15,req_16,req_17,req_18,req_19,req_20,req_21,req_22,req_23,req_24,req_25,req_26,req_27,req_28,req_29,req_30,req_31,req_32,req_33,req_34,req_35,req_36,req_37,req_38,req_39,req_40,req_41,req_42,id,scope,productivity,squandering,response,opportunity,stcov_cv1,stcov_cv2,stcov_cv3,stcov_cv4,cluster,cluster_str,group_label
1636.4,225,1336.0,0,0,0,0,0,0,0,0,0,0,0,0,1,1,1,1,1,1,1,0,0,0,0,0,0,0,0,0,0,0,0,0,0,0,0,0,0,1,0,0,0,0,13,0.19047619047619047,7.27288888888889,0.8412138320395202,5.937777777777778,1.2248502994011976,0.19747899159654647,0.20883534136518228,0.24545454545439668,0.2238267148013286,1,1,Cluster 1 (n=77)
1544.0,228,1475.0,1,0,0,0,0,0,0,0,0,0,0,0,1,0,1,1,1,1,1,0,0,0,0,0,0,0,0,0,0,0,0,0,0,0,0,0,0,1,0,0,0,0,14,0.19047619047619047,6.771929824561403,0.8390966831333804,6.469298245614035,1.046779661016949,0.2184873949578812,0.23694779116434145,0.2606060606059027,0.2418772563175648,1,1,Cluster 1 (n=77)
1572.0,273,1433.0,0,1,0,0,0,0,0,0,0,0,0,0,0,0,0,0,0,1,1,0,0,0,0,1,1,0,1,0,0,0,0,0,0,0,0,0,0,0,0,0,0,1,15,0.16666666666666666,5.758241758241758,0.8073394495412844,5.249084249084249,1.0969993021632938,0.2184873949578812,0.3012048192767052,0.26969696969680623,0.2238267148013286,1,1,Cluster 1 (n=77)
1687.4,275,1405.0,1,0,0,0,0,0,0,0,0,0,0,0,1,1,1,1,0,1,1,0,0,0,0,0,0,0,0,0,0,0,0,0,0,0,0,0,0,1,0,0,0,0,16,0.19047619047619047,6.136,0.8059280169371913,5.109090909090909,1.200996441281139,0.20588235294108034,0.22489959839327323,0.24545454545439668,0.23465703971107033,1,1,Cluster 1 (n=77)
1740.4,278,1445.0,0,0,0,0,0,0,0,0,0,0,0,0,1,1,1,1,1,1,1,0,0,0,0,0,0,0,0,0,0,0,0,0,0,0,0,0,0,1,0,0,1,0,17,0.21428571428571427,6.2604316546762595,0.8038108680310515,5.197841726618705,1.2044290657439447,0.2100840336133473,0.22891566265029598,0.25757575757560147,0.24548736462081203,1,1,Cluster 1 (n=77)
1648.0,281,1584.0,1,0,0,0,0,0,0,0,0,0,0,0,1,0,1,1,1,1,1,0,0,0,0,0,0,0,0,0,0,0,0,0,0,0,0,0,0,1,0,0,1,0,18,0.21428571428571427,5.864768683274021,0.8016937191249118,5.637010676156583,1.0404040404040404,0.23109243697468204,0.2570281124494551,0.27272727272710745,0.2635379061370482,1,1,Cluster 1 (n=77)
1843.4,291,1552.0,1,0,0,0,0,0,0,0,0,0,0,0,1,1,1,1,1,1,1,0,0,0,0,0,0,0,0,0,0,0,0,0,0,0,0,0,0,1,0,0,0,0,19,0.21428571428571427,6.334707903780069,0.7946365561044461,5.333333333333333,1.1877577319587629,0.23109243697468204,0.24497991967838692,0.27272727272710745,0.2563176895305537,1,1,Cluster 1 (n=77)
1728.0,292,1580.0,0,1,0,0,0,0,0,0,0,0,0,0,0,0,0,1,0,1,1,0,0,0,0,1,1,0,1,0,0,0,0,0,0,0,0,0,0,0,0,0,0,1,20,0.19047619047619047,5.917808219178082,0.7939308398023994,5.410958904109589,1.0936708860759494,0.24369747899148286,0.3212851405618189,0.29696969696951697,0.24548736462081203,1,1,Cluster 1 (n=77)
1740.0,299,1611.0,0,1,0,0,0,0,0,0,0,0,0,0,0,0,0,1,1,1,1,0,0,0,0,1,0,0,1,0,0,0,0,0,0,0,0,0,0,0,0,0,0,1,21,0.19047619047619047,5.8193979933110365,0.7889908256880734,5.3879598662207355,1.080074487895717,0.25210084033601676,0.31325301204777345,0.29696969696951697,0.24548736462081203,1,1,Cluster 1 (n=77)
1765.0,303,1624.0,0,1,0,0,0,0,0,0,0,0,0,0,0,0,0,1,1,1,1,0,0,0,0,1,1,0,0,0,0,0,0,0,0,0,0,0,0,0,0,0,0,1,22,0.19047619047619047,5.8250825082508255,0.7861679604798871,5.35973597359736,1.0868226600985222,0.2478991596637498,0.3212851405618189,0.29696969696951697,0.259927797833801,1,1,Cluster 1 (n=77)
1797.0,306,1658.0,0,1,1,0,1,0,0,0,0,0,0,0,0,0,0,1,0,0,1,0,0,0,0,1,1,0,1,0,0,0,0,0,0,0,0,0,0,0,0,0,0,1,23,0.21428571428571427,5.872549019607843,0.7840508115737473,5.4183006535947715,1.0838359469240049,0.2647058823528176,0.365461847389069,0.2999999999998182,0.23826714801431756,1,1,Cluster 1 (n=77)
1884.0,308,1727.0,0,1,0,0,0,0,0,0,0,0,0,0,0,0,0,1,1,1,1,0,0,0,0,1,1,0,1,0,0,0,0,0,0,0,0,0,0,0,0,0,0,1,24,0.21428571428571427,6.116883116883117,0.7826393789696542,5.607142857142857,1.0909090909090908,0.26890756302508456,0.34136546184693256,0.3242424242422277,0.26714801444029546,1,1,Cluster 1 (n=77)
1986.0,316,1724.0,0,1,0,0,0,0,0,0,0,0,0,0,0,0,0,0,0,0,1,0,0,0,0,1,1,0,1,0,0,0,0,0,0,0,0,0,0,0,1,0,0,1,25,0.16666666666666666,6.284810126582278,0.7769936485532816,5.455696202531645,1.1519721577726219,0.26890756302508456,0.3574297188750235,0.3242424242422277,0.24548736462081203,1,1,Cluster 1 (n=77)
1868.0,320,1743.0,0,1,1,0,1,0,0,0,0,0,0,0,0,0,0,1,1,1,1,0,0,0,0,1,1,0,1,0,0,0,0,0,0,0,0,0,0,0,0,0,0,0,26,0.23809523809523808,5.8375,0.7741707833450953,5.446875,1.0717154331612162,0.3025210084032201,0.3333333333328871,0.2999999999998182,0.24548736462081203,1,1,Cluster 1 (n=77)
1955.0,322,1807.0,0,1,1,0,1,0,0,0,0,0,0,0,0,0,0,1,0,1,1,0,0,0,0,1,1,0,1,0,0,0,0,0,0,0,0,0,0,0,0,0,0,1,27,0.23809523809523808,6.071428571428571,0.7727593507410021,5.611801242236025,1.0819037078029883,0.28991596638641925,0.36947791164609173,0.32727272727252893,0.26714801444029546,1,1,Cluster 1 (n=77)
1960.0,327,1794.0,0,1,0,0,1,0,0,0,0,0,0,0,0,0,0,1,1,1,1,0,0,0,0,1,1,0,1,0,0,0,0,0,0,0,0,0,0,0,0,0,0,1,28,0.23809523809523808,5.99388379204893,0.7692307692307693,5.486238532110092,1.0925306577480491,0.28151260504188536,0.3534136546180008,0.32727272727252893,0.2851985559565316,1,1,Cluster 1 (n=77)
1967.0,329,1838.0,0,1,1,0,1,0,0,0,0,0,0,0,0,0,0,1,1,1,1,0,0,0,0,1,0,0,1,0,0,0,0,0,0,0,0,0,0,0,0,0,0,1,29,0.23809523809523808,5.9787234042553195,0.7678193366266761,5.586626139817629,1.0701849836779107,0.29831932773095315,0.3614457831320463,0.32727272727252893,0.26714801444029546,1,1,Cluster 1 (n=77)
2144.0,332,1873.0,0,1,0,0,0,0,0,0,0,0,0,0,0,0,0,0,0,1,1,0,0,0,0,1,1,0,1,0,0,0,0,0,0,0,0,0,0,0,1,0,0,1,30,0.19047619047619047,6.457831325301205,0.7657021877205363,5.641566265060241,1.1446876668446342,0.2941176470586862,0.3614457831320463,0.35151515151493845,0.2743682310467899,1,1,Cluster 1 (n=77)
2111.0,338,1954.0,0,1,1,0,1,0,0,0,0,0,0,0,0,0,0,1,1,1,1,0,0,0,0,1,1,0,1,0,0,0,0,0,0,0,0,0,0,0,0,0,0,1,31,0.2619047619047619,6.245562130177515,0.7614678899082569,5.781065088757397,1.0803480040941658,0.31512605042002095,0.3895582329312054,0.35454545454523967,0.28880866425977886,1,1,Cluster 1 (n=77)
2086.0,345,1956.0,0,1,1,0,0,0,1,0,0,0,0,0,0,0,0,1,0,1,1,0,0,0,0,1,1,0,1,0,0,0,0,0,0,0,0,0,0,0,0,0,0,1,32,0.23809523809523808,6.046376811594203,0.7565278757939309,5.6695652173913045,1.0664621676891615,0.310924369747754,0.3935742971882282,0.35151515151493845,0.2815884476532844,1,1,Cluster 1 (n=77)
2300.0,351,2020.0,0,1,0,0,0,0,0,0,0,0,0,0,0,0,0,1,0,1,1,0,0,0,0,1,1,0,1,0,0,0,0,0,0,0,0,0,0,0,1,0,0,1,33,0.21428571428571427,6.552706552706553,0.7522935779816514,5.754985754985755,1.1386138613861385,0.3193277310922879,0.38152610441715995,0.37878787878764925,0.2960288808662733,1,1,Cluster 1 (n=77)
2242.0,361,2103.0,0,1,1,0,0,0,1,0,0,0,0,0,0,0,0,1,1,1,1,0,0,0,0,1,1,0,1,0,0,0,0,0,0,0,0,0,0,0,0,0,0,1,34,0.2619047619047619,6.2105263157894735,0.7452364149611856,5.825484764542936,1.0660960532572517,0.3361344537813557,0.41365461847334184,0.37878787878764925,0.3032490974727678,1,1,Cluster 1 (n=77)
2369.0,365,2098.0,0,1,1,0,1,0,0,0,0,0,0,0,0,0,0,1,0,0,1,0,0,0,0,1,1,0,1,0,0,0,0,0,0,0,0,0,0,0,1,0,0,1,35,0.23809523809523808,6.49041095890411,0.7424135497529993,5.747945205479452,1.1291706387035272,0.34033613445362265,0.42570281124441006,0.3818181818179504,0.28880866425977886,1,1,Cluster 1 (n=77)
2456.0,367,2167.0,0,1,0,0,0,0,0,0,0,0,0,0,0,0,0,1,1,1,1,0,0,0,0,1,1,0,1,0,0,0,0,0,0,0,0,0,0,0,1,0,0,1,36,0.23809523809523808,6.692098092643052,0.7410021171489062,5.9046321525885554,1.1333640978311028,0.34453781512588955,0.4016064257022736,0.40606060606036,0.3176895306857567,1,1,Cluster 1 (n=77)
2318.0,380,2170.0,0,1,1,0,1,0,1,0,0,0,0,0,0,0,0,1,1,1,1,0,0,0,0,1,1,0,1,0,0,0,0,0,0,0,0,0,0,0,0,0,0,1,37,0.2857142857142857,6.1,0.7318278052223006,5.7105263157894735,1.0682027649769585,0.3487394957981565,0.42570281124441006,0.3818181818179504,0.321299638989004,1,1,Cluster 1 (n=77)
2527.0,381,2247.0,0,1,1,0,1,0,0,0,0,0,0,0,0,0,0,1,0,1,1,0,0,0,0,1,1,0,1,0,0,0,0,0,0,0,0,0,0,0,1,0,0,1,38,0.2619047619047619,6.63254593175853,0.7311220889202541,5.897637795275591,1.1246105919003115,0.3655462184872243,0.4297188755014328,0.40909090909066115,0.3176895306857567,1,1,Cluster 1 (n=77)
2532.0,386,2234.0,0,1,0,0,1,0,0,0,0,0,0,0,0,0,0,1,1,1,1,0,0,0,0,1,1,0,1,0,0,0,0,0,0,0,0,0,0,0,1,0,0,1,39,0.2619047619047619,6.5595854922279795,0.7275935074100212,5.787564766839378,1.1333930170098478,0.3571428571426904,0.41365461847334184,0.40909090909066115,0.3357400722019929,1,1,Cluster 1 (n=77)
2437.0,389,2283.0,0,1,1,0,0,0,0,0,0,0,0,0,1,0,1,1,0,1,1,0,0,0,0,1,1,0,1,0,0,0,0,0,0,0,0,0,0,0,0,0,0,1,40,0.2619047619047619,6.26478149100257,0.7254763585038815,5.868894601542417,1.067455102934735,0.35294117647042345,0.43775100401547823,0.40909090909066115,0.35018050541498186,1,1,Cluster 1 (n=77)
2442.0,394,2270.0,0,1,0,0,0,0,0,0,0,0,0,0,1,0,1,1,1,1,1,0,0,0,0,1,1,0,1,0,0,0,0,0,0,0,0,0,0,0,0,0,0,1,41,0.2619047619047619,6.197969543147208,0.7219477769936485,5.761421319796955,1.0757709251101322,0.34453781512588955,0.4216867469873873,0.40909090909066115,0.36823104693121805,1,1,Cluster 1 (n=77)
2449.0,396,2314.0,0,1,1,0,0,0,0,0,0,0,0,0,1,0,1,1,1,1,1,0,0,0,0,1,0,0,1,0,0,0,0,0,0,0,0,0,0,0,0,0,0,1,42,0.2619047619047619,6.184343434343434,0.7205363443895554,5.843434343434343,1.0583405358686258,0.36134453781495735,0.4297188755014328,0.40909090909066115,0.35018050541498186,1,1,Cluster 1 (n=77)
2683.0,397,2394.0,0,1,1,0,1,0,0,0,0,0,0,0,0,0,0,1,1,1,1,0,0,0,0,1,1,0,1,0,0,0,0,0,0,0,0,0,0,0,1,0,0,1,43,0.2857142857142857,6.758186397984887,0.7198306280875089,6.030226700251889,1.120718462823726,0.390756302520826,0.44979919678654645,0.4363636363633719,0.33935018050524013,1,1,Cluster 1 (n=77)
2658.0,404,2396.0,0,1,1,0,0,0,1,0,0,0,0,0,0,0,0,1,0,1,1,0,0,0,0,1,1,0,1,0,0,0,0,0,0,0,0,0,0,0,1,0,0,1,44,0.2619047619047619,6.579207920792079,0.7148906139731828,5.930693069306931,1.1093489148580968,0.38655462184855904,0.4538152610435692,0.4333333333330707,0.33212996389874566,1,1,Cluster 1 (n=77)
2593.0,405,2430.0,0,1,1,0,0,0,0,0,0,0,0,0,1,0,1,1,1,1,1,0,0,0,0,1,1,0,1,0,0,0,0,0,0,0,0,0,0,0,0,0,0,1,45,0.2857142857142857,6.402469135802469,0.7141848976711362,6.0,1.0670781893004115,0.37815126050402514,0.45783132530059195,0.4363636363633719,0.37184115523446526,1,1,Cluster 1 (n=77)
2695.0,413,2427.0,0,1,1,0,0,0,0,0,0,0,0,0,1,0,1,0,0,0,1,0,0,0,0,1,1,0,1,0,0,0,0,0,0,0,0,0,0,0,1,0,0,1,46,0.23809523809523808,6.52542372881356,0.7085391672547636,5.876513317191283,1.1104243922538113,0.37815126050402514,0.4738955823286829,0.4363636363633719,0.35018050541498186,1,1,Cluster 1 (n=77)
2702.0,418,2416.0,0,1,0,0,0,0,0,0,0,0,0,0,1,0,1,0,0,1,1,0,0,0,0,1,1,0,1,0,0,0,0,0,0,0,0,0,0,0,1,0,0,1,47,0.23809523809523808,6.464114832535885,0.7050105857445307,5.779904306220096,1.1183774834437086,0.36974789915949124,0.441767068272501,0.4363636363633719,0.3754512635377125,1,1,Cluster 1 (n=77)
2656.9,419,2457.0,1,1,1,0,0,0,0,0,0,0,0,0,0,0,0,1,0,1,1,1,0,0,1,1,1,1,1,1,0,0,0,0,0,0,0,0,0,0,0,0,0,1,48,0.3333333333333333,6.341050119331743,0.7043048694424842,5.863961813842482,1.0813593813593814,0.36974789915949124,0.48594377509975106,0.4363636363633719,0.382671480144207,1,1,Cluster 1 (n=77)
2814.0,420,2543.0,0,1,1,0,0,0,1,0,0,0,0,0,0,0,0,1,1,1,1,0,0,0,0,1,1,0,1,0,0,0,0,0,0,0,0,0,0,0,1,0,0,1,49,0.2857142857142857,6.7,0.7035991531404375,6.054761904761905,1.1065670467951239,0.4117647058821607,0.4738955823286829,0.46060606060578146,0.3537906137182291,1,1,Cluster 1 (n=77)
2853.0,429,2576.0,0,1,1,0,0,0,0,0,0,0,0,0,1,0,1,0,0,1,1,0,0,0,0,1,1,0,1,0,0,0,0,0,0,0,0,0,0,0,1,0,0,1,50,0.2619047619047619,6.65034965034965,0.6972477064220184,6.004662004662005,1.107531055900621,0.40336134453762684,0.4779116465857056,0.4636363636360826,0.3790613718409597,1,1,Cluster 1 (n=77)
2812.9,435,2604.0,1,1,1,0,0,0,0,0,0,0,0,0,0,0,0,1,1,1,1,1,0,0,1,1,1,1,1,1,0,0,0,0,0,0,0,0,0,0,0,0,0,1,51,0.35714285714285715,6.466436781609196,0.6930134086097389,5.9862068965517246,1.0802227342549924,0.39495798319309294,0.5060240963848648,0.4636363636360826,0.4043321299636904,1,1,Cluster 1 (n=77)
2858.0,437,2563.0,0,1,0,0,0,0,0,0,0,0,0,0,1,0,1,1,0,1,1,0,0,0,0,1,1,0,1,0,0,0,0,0,0,0,0,0,0,0,1,0,0,1,52,0.2619047619047619,6.540045766590389,0.6916019760056458,5.864988558352403,1.1150994927818962,0.39495798319309294,0.4618473895576147,0.4636363636360826,0.3971119133571959,1,1,Cluster 1 (n=77)
2890.0,439,2610.0,0,1,1,0,1,0,1,0,0,0,0,0,0,0,0,1,1,1,1,0,0,0,0,1,1,0,1,0,0,0,0,0,0,0,0,0,0,0,1,0,0,1,53,0.30952380952380953,6.5831435079726655,0.6901905434015526,5.945330296127563,1.10727969348659,0.42436974789896154,0.48594377509975106,0.4636363636360826,0.37184115523446526,1,1,Cluster 1 (n=77)
2835.9,441,2614.0,1,1,1,0,0,0,0,0,0,0,0,0,0,0,0,1,1,1,1,0,0,0,1,1,1,1,1,1,0,1,0,0,0,0,0,0,0,0,0,0,0,1,54,0.35714285714285715,6.43061224489796,0.6887791107974595,5.927437641723356,1.0848890589135425,0.39495798319309294,0.5140562248989102,0.46969696969668506,0.40794223826693765,1,1,Cluster 1 (n=77)
2914.9,443,2601.0,1,1,1,0,0,0,0,0,0,0,0,0,0,0,0,0,0,0,1,1,0,0,1,1,1,1,1,1,0,0,0,0,0,0,0,0,0,0,1,0,0,1,55,0.30952380952380953,6.5799097065462755,0.6873676781933663,5.871331828442438,1.1206843521722414,0.39495798319309294,0.5220883534129557,0.4636363636360826,0.382671480144207,1,1,Cluster 1 (n=77)
2817.9,445,2634.0,1,1,1,0,0,0,0,0,0,0,0,0,0,0,0,1,1,1,1,1,0,0,1,1,0,1,1,1,0,1,0,0,0,0,0,0,0,0,0,0,0,1,56,0.35714285714285715,6.332359550561798,0.6859562455892732,5.919101123595506,1.0698177676537586,0.390756302520826,0.5060240963848648,0.4636363636360826,0.41155234657018486,1,1,Cluster 1 (n=77)
2800.0,447,2646.0,0,1,1,0,0,0,1,0,0,0,0,0,1,0,1,1,1,1,1,0,0,0,0,1,1,0,1,0,0,0,0,0,0,0,0,0,0,0,0,0,0,1,57,0.30952380952380953,6.263982102908278,0.68454481298518,5.919463087248322,1.0582010582010581,0.4117647058821607,0.49397590361379656,0.4636363636360826,0.4043321299636904,1,1,Cluster 1 (n=77)
3009.0,448,2723.0,0,1,1,0,0,0,0,0,0,0,0,0,1,0,1,1,0,1,1,0,0,0,0,1,1,0,1,0,0,0,0,0,0,0,0,0,0,0,1,0,0,1,58,0.2857142857142857,6.716517857142857,0.6838390966831334,6.078125,1.1050312155710613,0.4285714285712285,0.4979919678708193,0.49090909090879337,0.4007220216604432,1,1,Cluster 1 (n=77)
3014.0,453,2710.0,0,1,0,0,0,0,0,0,0,0,0,0,1,0,1,1,1,1,1,0,0,0,0,1,1,0,1,0,0,0,0,0,0,0,0,0,0,0,1,0,0,1,59,0.2857142857142857,6.653421633554084,0.6803105151729005,5.9823399558498895,1.1121771217712177,0.4201680672266946,0.48192771084272834,0.49090909090879337,0.4187725631766793,1,1,Cluster 1 (n=77)
2961.9,454,2750.0,1,1,1,0,0,0,0,0,0,0,0,0,0,0,0,1,1,1,1,1,0,0,1,1,1,1,1,1,0,1,0,0,0,0,0,0,0,0,0,0,0,1,60,0.38095238095238093,6.5240088105726874,0.6796047988708539,6.057268722466961,1.0770545454545455,0.40756302520989374,0.534136546184024,0.49090909090879337,0.43321299638966826,1,1,Cluster 1 (n=77)
3072.9,459,2750.0,1,1,1,0,0,0,0,0,0,0,0,0,0,0,0,0,0,1,1,1,0,0,1,1,1,1,1,1,0,0,0,0,0,0,0,0,0,0,1,0,0,1,61,0.3333333333333333,6.6947712418300656,0.6760762173606211,5.991285403050109,1.1174181818181819,0.4201680672266946,0.5261044176699784,0.49090909090879337,0.41155234657018486,1,1,Cluster 1 (n=77)
3165.0,464,2870.0,0,1,1,0,0,0,0,0,0,0,0,0,1,0,1,1,1,1,1,0,0,0,0,1,1,0,1,0,0,0,0,0,0,0,0,0,0,0,1,0,0,1,62,0.30952380952380953,6.821120689655173,0.6725476358503881,6.185344827586207,1.102787456445993,0.4537815126048302,0.518072289155933,0.5181818181815041,0.4223826714799266,1,1,Cluster 1 (n=77)
3110.9,477,2881.0,1,1,1,0,0,0,0,0,0,0,0,0,0,0,0,1,1,1,1,1,0,0,1,1,1,1,1,1,1,1,0,0,0,0,0,0,0,0,0,0,0,1,63,0.40476190476190477,6.5218029350104825,0.6633733239237827,6.039832285115304,1.079798681013537,0.4201680672266946,0.5622489959831831,0.5181818181815041,0.4620938628156462,1,1,Cluster 1 (n=77)
3228.9,478,2897.0,1,1,1,0,0,0,0,0,0,0,0,0,0,0,0,1,0,1,1,1,0,0,1,1,1,1,1,1,0,0,0,0,0,0,0,0,0,0,1,0,0,1,64,0.35714285714285715,6.755020920502092,0.662667607621736,6.060669456066946,1.1145667932343803,0.4453781512602963,0.5461847389550921,0.5181818181815041,0.43321299638966826,1,1,Cluster 1 (n=77)
3258.9,481,2908.0,1,1,1,0,0,0,0,0,0,0,0,0,0,0,0,1,1,1,1,0,0,0,1,1,1,1,1,1,0,0,0,0,0,0,0,0,0,0,1,0,0,1,65,0.35714285714285715,6.775259875259875,0.6605504587155964,6.045738045738045,1.1206671251719396,0.45798319327709713,0.5461847389550921,0.5242424242421065,0.42960288808642105,1,1,Cluster 1 (n=77)
3241.0,483,2937.0,0,1,1,0,1,0,0,0,0,0,0,0,1,0,1,1,1,1,1,0,0,0,0,1,1,0,1,0,0,0,0,0,0,0,0,0,0,0,1,0,0,1,66,0.3333333333333333,6.7101449275362315,0.6591390261115032,6.080745341614906,1.1035069799114743,0.46638655462163103,0.5301204819270012,0.5212121212118054,0.4404332129961627,1,1,Cluster 1 (n=77)
3276.9,488,2958.0,1,1,1,0,0,0,0,0,0,0,0,0,0,0,0,1,1,1,1,1,0,0,1,1,1,0,1,1,0,0,0,0,0,0,0,0,0,0,1,0,0,1,67,0.35714285714285715,6.7149590163934425,0.6556104446012703,6.061475409836065,1.1078093306288033,0.44957983193256323,0.5582329317261603,0.5363636363633113,0.43321299638966826,1,1,Cluster 1 (n=77)
3294.9,491,2968.0,1,1,1,0,0,0,0,0,0,0,0,0,0,0,0,1,0,1,1,1,0,0,1,1,1,1,1,1,0,0,0,0,0,0,0,0,0,1,1,0,0,1,68,0.38095238095238093,6.710590631364562,0.6534932956951306,6.044806517311609,1.1101415094339624,0.44957983193256323,0.5502008032121148,0.5424242424239137,0.4404332129961627,1,1,Cluster 1 (n=77)
3297.9,491,2942.0,1,1,1,0,0,0,0,0,0,0,0,0,0,0,0,1,0,1,1,1,1,0,1,1,1,1,1,1,0,0,0,0,0,0,0,0,0,0,1,0,0,1,69,0.38095238095238093,6.716700610997964,0.6534932956951306,5.991853360488799,1.1209721278042148,0.4621848739493641,0.5542168674691376,0.5303030303027089,0.4368231046929155,1,1,Cluster 1 (n=77)
3384.9,494,3044.0,1,1,1,0,0,0,0,0,0,0,0,0,0,0,0,1,1,1,1,1,0,0,1,1,1,1,1,1,0,0,0,0,0,0,0,0,0,0,1,0,0,1,70,0.38095238095238093,6.852024291497976,0.6513761467889908,6.161943319838056,1.1119908015768725,0.4705882352938979,0.5662650602402058,0.5454545454542149,0.4548736462091517,1,1,Cluster 1 (n=77)
3407.9,500,3054.0,1,1,1,0,0,0,0,0,0,0,0,0,0,0,0,1,1,1,1,0,0,0,1,1,1,1,1,1,0,1,0,0,0,0,0,0,0,0,1,0,0,1,71,0.38095238095238093,6.8158,0.6471418489767113,6.108,1.1158808120497707,0.4705882352938979,0.5742971887542513,0.5515151515148172,0.4584837545123989,1,1,Cluster 1 (n=77)
3389.9,504,3074.0,1,1,1,0,0,0,0,0,0,0,0,0,0,0,0,1,1,1,1,1,0,0,1,1,0,1,1,1,0,1,0,0,0,0,0,0,0,0,1,0,0,1,72,0.38095238095238093,6.725992063492064,0.644318983768525,6.099206349206349,1.102765126870527,0.46638655462163103,0.5662650602402058,0.5454545454542149,0.4620938628156462,1,1,Cluster 1 (n=77)
3372.0,506,3086.0,0,1,1,0,0,0,1,0,0,0,0,0,1,0,1,1,1,1,1,0,0,0,0,1,1,0,1,0,0,0,0,0,0,0,0,0,0,0,1,0,0,1,73,0.3333333333333333,6.664031620553359,0.6429075511644319,6.098814229249012,1.0926766040181464,0.4873949579829657,0.5542168674691376,0.5454545454542149,0.4548736462091517,1,1,Cluster 1 (n=77)
3450.9,507,3115.0,1,1,1,0,0,0,0,0,0,0,0,0,0,0,0,1,1,1,1,1,0,0,1,1,1,1,1,1,0,0,0,0,0,0,0,0,0,1,1,0,0,1,74,0.40476190476190477,6.806508875739645,0.6422018348623854,6.1439842209072975,1.107833065810594,0.4747899159661649,0.5702811244972286,0.5696969696966244,0.4620938628156462,1,1,Cluster 1 (n=77)
3453.9,507,3089.0,1,1,1,0,0,0,0,0,0,0,0,0,0,0,0,1,1,1,1,1,1,0,1,1,1,1,1,1,0,0,0,0,0,0,0,0,0,0,1,0,0,1,75,0.40476190476190477,6.812426035502959,0.6422018348623854,6.092702169625246,1.1181288442861768,0.4873949579829657,0.5742971887542513,0.5575757575754197,0.4584837545123989,1,1,Cluster 1 (n=77)
3533.9,513,3190.0,1,1,1,0,0,0,0,0,0,0,0,0,0,0,0,1,1,1,1,1,0,0,1,1,1,1,1,1,0,1,0,0,0,0,0,0,0,0,1,0,0,1,76,0.40476190476190477,6.88869395711501,0.6379675370501059,6.218323586744639,1.1078056426332288,0.4831932773106988,0.594377510039365,0.5727272727269256,0.4837545126351296,1,1,Cluster 1 (n=77)
3556.9,523,3185.0,1,1,1,0,0,0,0,0,0,0,0,0,0,0,0,1,1,1,1,0,0,0,1,1,1,1,1,1,1,1,0,0,0,0,0,0,0,0,1,0,0,1,77,0.40476190476190477,6.8009560229445505,0.6309103740296401,6.089866156787763,1.1167660910518054,0.4831932773106988,0.6024096385534105,0.578787878787528,0.4873646209383768,1,1,Cluster 1 (n=77)
3599.9,526,3261.0,1,1,1,0,0,0,0,0,0,0,0,0,0,0,0,1,1,1,1,1,0,0,1,1,1,1,1,1,0,1,0,0,0,0,0,0,0,1,1,0,0,1,78,0.42857142857142855,6.843916349809886,0.6287932251235003,6.199619771863118,1.1039251763262803,0.4873949579829657,0.5983935742963877,0.5969696969693352,0.49097472924162405,1,1,Cluster 1 (n=77)
3602.9,526,3235.0,1,1,1,0,0,0,0,0,0,0,0,0,0,0,0,1,1,1,1,1,1,0,1,1,1,1,1,1,0,1,0,0,0,0,0,0,0,0,1,0,0,1,79,0.42857142857142855,6.849619771863118,0.6287932251235003,6.150190114068441,1.113724884080371,0.4999999999997666,0.6024096385534105,0.5848484848481303,0.4873646209383768,1,1,Cluster 1 (n=77)
3620.9,532,3272.0,1,1,1,0,0,0,0,0,0,0,0,0,0,0,0,1,1,1,1,1,0,0,1,1,1,1,1,1,0,1,1,0,0,0,0,0,0,0,1,0,0,1,80,0.42857142857142855,6.806203007518797,0.6245589273112209,6.150375939849624,1.1066320293398533,0.4915966386552327,0.5983935742963877,0.578787878787528,0.5126353790611075,1,1,Cluster 1 (n=77)
3682.9,536,3321.0,1,1,1,0,0,0,0,0,0,0,0,0,0,0,0,1,1,1,1,1,0,0,1,1,1,1,1,1,1,1,0,0,0,0,0,0,0,0,1,0,0,1,81,0.42857142857142855,6.871082089552239,0.6217360621030346,6.19589552238806,1.1089732008431197,0.4957983193274996,0.6224899598385241,0.5999999999996364,0.5126353790611075,1,1,Cluster 1 (n=77)
3686.9,545,3343.0,1,1,1,0,0,0,0,0,0,0,0,0,0,0,0,1,1,1,1,1,0,0,1,1,1,1,1,1,0,1,1,0,0,0,0,0,0,1,1,0,0,1,82,0.4523809523809524,6.764954128440367,0.6153846153846154,6.133944954128441,1.1028716721507628,0.4957983193274996,0.6024096385534105,0.6030303030299375,0.519855595667602,1,1,Cluster 1 (n=77)
3689.9,545,3317.0,1,1,1,0,0,0,0,0,0,0,0,0,0,0,0,1,1,1,1,1,1,0,1,1,1,1,1,1,0,1,1,0,0,0,0,0,0,0,1,0,0,1,83,0.4523809523809524,6.77045871559633,0.6153846153846154,6.086238532110092,1.112420862224902,0.5084033613443004,0.6064257028104332,0.5909090909087328,0.5162454873643547,1,1,Cluster 1 (n=77)
3748.9,549,3392.0,1,1,1,0,0,0,0,0,0,0,0,0,0,0,0,1,1,1,1,1,0,0,1,1,1,1,1,1,1,1,0,0,0,0,0,0,0,1,1,0,0,1,84,0.4523809523809524,6.8285974499089255,0.6125617501764291,6.178506375227687,1.1052181603773585,0.4999999999997666,0.6265060240955469,0.6242424242420459,0.519855595667602,1,1,Cluster 1 (n=77)
3751.9,549,3366.0,1,1,1,0,0,0,0,0,0,0,0,0,0,0,0,1,1,1,1,1,1,0,1,1,1,1,1,1,1,1,0,0,0,0,0,0,0,0,1,0,0,1,85,0.4523809523809524,6.834061930783243,0.6125617501764291,6.131147540983607,1.1146464646464647,0.5126050420165674,0.6305220883525696,0.6121212121208411,0.5162454873643547,1,1,Cluster 1 (n=77)
3769.9,555,3403.0,1,1,1,0,0,0,0,0,0,0,0,0,0,0,0,1,1,1,1,1,0,0,1,1,1,1,1,1,1,1,1,0,0,0,0,0,0,0,1,0,0,1,86,0.4523809523809524,6.792612612612613,0.6083274523641496,6.1315315315315315,1.1078166323831913,0.5042016806720335,0.6265060240955469,0.6060606060602387,0.5415162454870853,1,1,Cluster 1 (n=77)
3740.9,555,3406.0,1,1,1,0,0,0,1,0,0,0,0,0,0,0,0,1,1,1,1,1,0,0,1,1,1,1,1,1,0,1,0,0,0,0,0,0,0,0,1,0,0,1,87,0.42857142857142855,6.74036036036036,0.6083274523641496,6.136936936936937,1.0983264826776278,0.5168067226888343,0.6305220883525696,0.5999999999996364,0.5162454873643547,1,1,Cluster 1 (n=77)
3779.9,557,3418.0,1,1,1,0,1,0,0,0,0,0,1,0,0,0,0,1,1,1,1,1,0,0,1,1,1,1,1,1,0,1,0,0,0,0,0,0,0,0,1,0,0,1,88,0.4523809523809524,6.786175942549372,0.6069160197600565,6.136445242369838,1.105880631948508,0.5210084033611013,0.6265060240955469,0.6030303030299375,0.5306859205773437,1,1,Cluster 1 (n=77)
3804.9,559,3457.0,1,1,1,0,0,0,0,0,0,0,0,0,0,0,0,1,1,1,1,1,0,0,1,1,1,1,1,1,1,1,0,0,0,0,0,0,0,0,1,1,0,1,89,0.4523809523809524,6.806618962432916,0.6055045871559633,6.184257602862254,1.1006363899334684,0.5252100840333682,0.6345381526095923,0.60909090909054,0.5306859205773437,1,1,Cluster 1 (n=77)
3817.9,562,3437.0,1,1,1,0,0,0,0,0,0,0,0,0,0,0,0,1,1,1,1,1,1,0,1,1,1,1,1,1,1,1,0,0,0,0,0,0,0,1,1,0,0,1,90,0.47619047619047616,6.793416370106762,0.6033874382498235,6.115658362989324,1.1108233924934536,0.5168067226888343,0.6345381526095923,0.6363636363632507,0.5234657039708491,0,0,Cluster 0 (n=137)
3835.9,568,3474.0,1,1,1,0,0,0,0,0,0,0,0,0,0,0,0,1,1,1,1,1,0,0,1,1,1,1,1,1,1,1,1,0,0,0,0,0,0,1,1,0,0,1,91,0.47619047619047616,6.753345070422536,0.5991531404375441,6.116197183098592,1.1041738629821531,0.5084033613443004,0.6305220883525696,0.6303030303026483,0.5487364620935798,0,0,Cluster 0 (n=137)
3838.9,568,3448.0,1,1,1,0,0,0,0,0,0,0,0,0,0,0,0,1,1,1,1,1,1,0,1,1,1,1,1,1,1,1,1,0,0,0,0,0,0,0,1,0,0,1,92,0.47619047619047616,6.758626760563381,0.5991531404375441,6.070422535211268,1.1133700696055684,0.5210084033611013,0.6345381526095923,0.6181818181814436,0.5451263537903326,0,0,Cluster 0 (n=137)
3806.9,568,3477.0,1,1,1,0,0,0,1,0,0,0,0,0,0,0,0,1,1,1,1,1,0,0,1,1,1,1,1,1,0,1,0,0,0,0,0,0,0,1,1,0,0,1,93,0.4523809523809524,6.702288732394367,0.5991531404375441,6.121478873239437,1.0948806442335346,0.5210084033611013,0.6345381526095923,0.6242424242420459,0.5234657039708491,0,0,Cluster 0 (n=137)
3845.9,570,3489.0,1,1,1,0,1,0,0,0,0,0,1,0,0,0,0,1,1,1,1,1,0,0,1,1,1,1,1,1,0,1,0,0,0,0,0,0,0,1,1,0,0,1,94,0.47619047619047616,6.7471929824561405,0.5977417078334509,6.121052631578947,1.102292920607624,0.5252100840333682,0.6305220883525696,0.6272727272723471,0.5379061371838381,0,0,Cluster 0 (n=137)
3870.9,572,3528.0,1,1,1,0,0,0,0,0,0,0,0,0,0,0,0,1,1,1,1,1,0,0,1,1,1,1,1,1,1,1,0,0,0,0,0,0,0,1,1,1,0,1,95,0.47619047619047616,6.767307692307693,0.5963302752293578,6.1678321678321675,1.0971938775510204,0.5294117647056352,0.6385542168666151,0.6333333333329495,0.5379061371838381,0,0,Cluster 0 (n=137)
3873.9,572,3502.0,1,1,1,0,0,0,0,0,0,0,0,0,0,0,0,1,1,1,1,1,1,0,1,1,1,1,1,1,1,1,0,0,0,0,0,0,0,0,1,1,0,1,96,0.47619047619047616,6.772552447552448,0.5963302752293578,6.1223776223776225,1.1061964591661908,0.542016806722436,0.6425702811236378,0.6212121212117447,0.5342960288805909,0,0,Cluster 0 (n=137)
3891.9,578,3539.0,1,1,1,0,0,0,0,0,0,0,0,0,0,0,0,1,1,1,1,1,0,0,1,1,1,1,1,1,1,1,1,0,0,0,0,0,0,0,1,1,0,1,97,0.47619047619047616,6.733391003460207,0.5920959774170783,6.122837370242214,1.0997174343034757,0.5336134453779021,0.6385542168666151,0.6151515151511423,0.5595667870033215,0,0,Cluster 0 (n=137)
3942.9,580,3587.0,1,1,1,0,0,0,0,0,0,0,0,0,1,0,1,1,1,1,1,1,0,0,1,1,1,1,1,1,0,0,0,0,0,0,0,0,0,0,1,0,0,1,98,0.42857142857142855,6.798103448275862,0.5906845448129852,6.18448275862069,1.0992194034011709,0.546218487394703,0.6465863453806605,0.6303030303026483,0.5559566787000743,0,0,Cluster 0 (n=137)
3947.9,590,3617.0,1,1,1,0,0,0,0,0,0,0,0,0,1,0,1,1,1,1,1,1,0,0,1,1,0,1,1,1,0,1,0,0,0,0,0,0,0,0,1,0,0,1,99,0.42857142857142855,6.69135593220339,0.5836273817925194,6.1305084745762715,1.091484655792093,0.542016806722436,0.6465863453806605,0.6303030303026483,0.5631768953065688,0,0,Cluster 0 (n=137)
3957.9,591,3610.0,1,1,1,0,0,0,0,0,0,0,0,0,0,0,0,1,1,1,1,1,0,0,1,1,1,1,1,1,1,1,1,0,0,0,0,0,0,1,1,1,0,1,100,0.5,6.696954314720812,0.5829216654904729,6.1082910321489,1.0963711911357341,0.5378151260501691,0.6425702811236378,0.6393939393935519,0.566787003609816,0,0,Cluster 0 (n=137)
3960.9,591,3584.0,1,1,1,0,0,0,0,0,0,0,0,0,0,0,0,1,1,1,1,1,1,0,1,1,1,1,1,1,1,1,1,0,0,0,0,0,0,0,1,1,0,1,101,0.5,6.702030456852792,0.5829216654904729,6.06429780033841,1.1051618303571429,0.5504201680669699,0.6465863453806605,0.6272727272723471,0.5631768953065688,0,0,Cluster 0 (n=137)
4008.9,593,3658.0,1,1,1,0,0,0,0,0,0,0,0,0,1,0,1,1,1,1,1,1,0,0,1,1,1,1,1,1,0,0,0,0,0,0,0,0,0,1,1,0,0,1,102,0.4523809523809524,6.7603709949409785,0.5815102328863797,6.168634064080944,1.0959267359212685,0.5504201680669699,0.6506024096376832,0.6545454545450579,0.5631768953065688,0,0,Cluster 0 (n=137)
4011.9,593,3632.0,1,1,1,0,0,0,0,0,0,0,0,0,1,0,1,1,1,1,1,1,1,0,1,1,1,1,1,1,0,0,0,0,0,0,0,0,0,0,1,0,0,1,103,0.4523809523809524,6.765430016863407,0.5815102328863797,6.124789207419899,1.1045980176211454,0.5630252100837707,0.654618473894706,0.6424242424238531,0.5595667870033215,0,0,Cluster 0 (n=137)
4091.9,599,3733.0,1,1,1,0,0,0,0,0,0,0,0,0,1,0,1,1,1,1,1,1,0,0,1,1,1,1,1,1,0,1,0,0,0,0,0,0,0,0,1,0,0,1,104,0.4523809523809524,6.8312186978297165,0.5772759350741002,6.232053422370618,1.0961425127243505,0.5588235294115038,0.6746987951798197,0.657575757575359,0.5848375451260521,0,0,Cluster 0 (n=137)
4157.9,612,3804.0,1,1,1,0,0,0,0,0,0,0,0,0,1,0,1,1,1,1,1,1,0,0,1,1,1,1,1,1,0,1,0,0,0,0,0,0,0,1,1,0,0,1,105,0.47619047619047616,6.7939542483660125,0.5681016231474947,6.215686274509804,1.0930336487907464,0.5630252100837707,0.6787148594368424,0.6818181818177687,0.5920577617325467,0,0,Cluster 0 (n=137)
4160.9,612,3778.0,1,1,1,0,0,0,0,0,0,0,0,0,1,0,1,1,1,1,1,1,1,0,1,1,1,1,1,1,0,1,0,0,0,0,0,0,0,0,1,0,0,1,106,0.47619047619047616,6.798856209150326,0.5681016231474947,6.173202614379085,1.1013499205929063,0.5756302521005716,0.6827309236938651,0.6696969696965638,0.5884476534292994,0,0,Cluster 0 (n=137)
4178.9,618,3815.0,1,1,1,0,0,0,0,0,0,0,0,0,1,0,1,1,1,1,1,1,0,0,1,1,1,1,1,1,0,1,1,0,0,0,0,0,0,0,1,0,0,1,107,0.47619047619047616,6.761974110032362,0.5638673253352152,6.173139158576052,1.0953866317169068,0.5672268907560377,0.6787148594368424,0.6636363636359615,0.6137184115520301,0,0,Cluster 0 (n=137)
4240.9,622,3864.0,1,1,1,0,0,0,0,0,0,0,0,0,1,0,1,1,1,1,1,1,0,0,1,1,1,1,1,1,1,1,0,0,0,0,0,0,0,0,1,0,0,1,108,0.47619047619047616,6.818167202572346,0.5610444601270289,6.212218649517685,1.0975414078674948,0.5714285714283046,0.7028112449789788,0.6848484848480698,0.6137184115520301,0,0,Cluster 0 (n=137)
4244.9,631,3886.0,1,1,1,0,0,0,0,0,0,0,0,0,1,0,1,1,1,1,1,1,0,0,1,1,1,1,1,1,0,1,1,0,0,0,0,0,0,1,1,0,0,1,109,0.5,6.727258320126782,0.5546930134086098,6.1584786053882725,1.0923571796191456,0.5714285714283046,0.6827309236938651,0.687878787878371,0.6209386281585245,0,0,Cluster 0 (n=137)
4247.9,631,3860.0,1,1,1,0,0,0,0,0,0,0,0,0,1,0,1,1,1,1,1,1,1,0,1,1,1,1,1,1,0,1,1,0,0,0,0,0,0,0,1,0,0,1,110,0.5,6.732012678288431,0.5546930134086098,6.117274167987322,1.1004922279792746,0.5840336134451055,0.6867469879508878,0.6757575757571662,0.6173285198552773,0,0,Cluster 0 (n=137)
4306.9,635,3935.0,1,1,1,0,0,0,0,0,0,0,0,0,1,0,1,1,1,1,1,1,0,0,1,1,1,1,1,1,1,1,0,0,0,0,0,0,0,1,1,0,0,1,111,0.5,6.78251968503937,0.5518701482004235,6.196850393700787,1.094510800508259,0.5756302521005716,0.7068273092360016,0.7090909090904793,0.6209386281585245,0,0,Cluster 0 (n=137)
4309.9,635,3909.0,1,1,1,0,0,0,0,0,0,0,0,0,1,0,1,1,1,1,1,1,1,0,1,1,1,1,1,1,1,1,0,0,0,0,0,0,0,0,1,0,0,1,112,0.5,6.787244094488188,0.5518701482004235,6.1559055118110235,1.1025581990278843,0.5882352941173724,0.7108433734930243,0.6969696969692746,0.6173285198552773,0,0,Cluster 0 (n=137)
4311.7,637,3825.0,1,1,1,0,0,0,0,0,0,0,0,0,1,0,1,1,1,1,1,1,1,1,1,1,1,1,1,1,0,1,0,0,0,0,0,0,0,0,1,0,0,1,113,0.5,6.768759811616954,0.5504587155963303,6.004709576138148,1.1272418300653595,0.5924369747896394,0.6867469879508878,0.6848484848480698,0.5920577617325467,0,0,Cluster 0 (n=137)
4327.9,641,3946.0,1,1,1,0,0,0,0,0,0,0,0,0,1,0,1,1,1,1,1,1,0,0,1,1,1,1,1,1,1,1,1,0,0,0,0,0,0,0,1,0,0,1,114,0.5,6.75179407176287,0.547635850388144,6.15600624024961,1.0967815509376584,0.5798319327728385,0.7068273092360016,0.6909090909086721,0.642599277978008,0,0,Cluster 0 (n=137)
4298.9,641,3949.0,1,1,1,0,0,0,1,0,0,0,0,0,1,0,1,1,1,1,1,1,0,0,1,1,1,1,1,1,0,1,0,0,0,0,0,0,0,0,1,0,0,1,115,0.47619047619047616,6.706552262090483,0.547635850388144,6.160686427457098,1.088604710053178,0.5924369747896394,0.7108433734930243,0.6848484848480698,0.6173285198552773,0,0,Cluster 0 (n=137)
4337.9,643,3961.0,1,1,1,0,1,0,0,0,0,0,1,0,1,0,1,1,1,1,1,1,0,0,1,1,1,1,1,1,0,1,0,0,0,0,0,0,0,0,1,0,0,1,116,0.5,6.746345256609642,0.5462244177840508,6.1601866251944015,1.0951527392072709,0.5966386554619063,0.7068273092360016,0.687878787878371,0.6317689530682662,0,0,Cluster 0 (n=137)
4362.9,645,4000.0,1,1,1,0,0,0,0,0,0,0,0,0,1,0,1,1,1,1,1,1,0,0,1,1,1,1,1,1,1,1,0,0,0,0,0,0,0,0,1,1,0,1,117,0.5,6.764186046511627,0.5448129851799577,6.2015503875969,1.090725,0.6008403361341733,0.714859437750047,0.6939393939389734,0.6317689530682662,0,0,Cluster 0 (n=137)
4375.9,648,3980.0,1,1,1,0,0,0,0,0,0,0,0,0,1,0,1,1,1,1,1,1,1,0,1,1,1,1,1,1,1,1,0,0,0,0,0,0,0,1,1,0,0,1,118,0.5238095238095238,6.752932098765432,0.5426958362738179,6.1419753086419755,1.0994723618090452,0.5924369747896394,0.714859437750047,0.7212121212116841,0.6245487364617718,0,0,Cluster 0 (n=137)
4377.7,650,3896.0,1,1,1,0,0,0,0,0,0,0,0,0,1,0,1,1,1,1,1,1,1,1,1,1,1,1,1,1,0,1,0,0,0,0,0,0,0,1,1,0,0,1,119,0.5238095238095238,6.734923076923077,0.5412844036697247,5.993846153846154,1.1236396303901437,0.5966386554619063,0.6907630522079107,0.7090909090904793,0.5992779783390412,0,0,Cluster 0 (n=137)
4393.9,654,4017.0,1,1,1,0,0,0,0,0,0,0,0,0,1,0,1,1,1,1,1,1,0,0,1,1,1,1,1,1,1,1,1,0,0,0,0,0,0,1,1,0,0,1,120,0.5238095238095238,6.718501529051987,0.5384615384615384,6.1422018348623855,1.0938262384864326,0.5840336134451055,0.7108433734930243,0.7151515151510818,0.6498194945845024,0,0,Cluster 0 (n=137)
4396.9,654,3991.0,1,1,1,0,0,0,0,0,0,0,0,0,1,0,1,1,1,1,1,1,1,0,1,1,1,1,1,1,1,1,1,0,0,0,0,0,0,0,1,0,0,1,121,0.5238095238095238,6.72308868501529,0.5384615384615384,6.102446483180428,1.1017038336256577,0.5966386554619063,0.714859437750047,0.7030303030298769,0.6462093862812551,0,0,Cluster 0 (n=137)
4364.9,654,4020.0,1,1,1,0,0,0,1,0,0,0,0,0,1,0,1,1,1,1,1,1,0,0,1,1,1,1,1,1,0,1,0,0,0,0,0,0,0,1,1,0,0,1,122,0.5,6.6741590214067275,0.5384615384615384,6.146788990825688,1.0857960199004975,0.5966386554619063,0.714859437750047,0.7090909090904793,0.6245487364617718,0,0,Cluster 0 (n=137)
4403.9,656,4032.0,1,1,1,0,1,0,0,0,0,0,1,0,1,0,1,1,1,1,1,1,0,0,1,1,1,1,1,1,0,1,0,0,0,0,0,0,0,1,1,0,0,1,123,0.5238095238095238,6.713262195121951,0.5370501058574453,6.146341463414634,1.092237103174603,0.6008403361341733,0.7108433734930243,0.7121212121207805,0.6389891696747607,0,0,Cluster 0 (n=137)
4406.9,656,4006.0,1,1,1,0,1,0,0,0,0,0,1,0,1,0,1,1,1,1,1,1,1,0,1,1,1,1,1,1,0,1,0,0,0,0,0,0,0,0,1,0,0,1,124,0.5238095238095238,6.717835365853658,0.5370501058574453,6.1067073170731705,1.1000748876684971,0.6134453781509741,0.714859437750047,0.6999999999995757,0.6353790613715135,0,0,Cluster 0 (n=137)
4428.9,658,4071.0,1,1,1,0,0,0,0,0,0,0,0,0,1,0,1,1,1,1,1,1,0,0,1,1,1,1,1,1,1,1,0,0,0,0,0,0,0,1,1,1,0,1,125,0.5238095238095238,6.730851063829786,0.5356386732533521,6.186930091185411,1.0879145173176124,0.6050420168064402,0.7188755020070697,0.7181818181813829,0.6389891696747607,0,0,Cluster 0 (n=137)
4431.9,658,4045.0,1,1,1,0,0,0,0,0,0,0,0,0,1,0,1,1,1,1,1,1,1,0,1,1,1,1,1,1,1,1,0,0,0,0,0,0,0,0,1,1,0,1,126,0.5238095238095238,6.735410334346504,0.5356386732533521,6.14741641337386,1.0956489493201482,0.6176470588232411,0.7228915662640926,0.7060606060601782,0.6353790613715135,0,0,Cluster 0 (n=137)
4460.7,660,3956.0,1,1,1,0,0,0,0,0,0,0,0,0,1,0,1,1,1,1,1,1,1,1,1,1,1,1,1,1,1,1,0,0,0,0,0,0,0,0,1,0,0,1,127,0.5238095238095238,6.758636363636364,0.534227240649259,5.993939393939394,1.1275783619817998,0.6050420168064402,0.714859437750047,0.7121212121207805,0.6209386281585245,0,0,Cluster 0 (n=137)
4449.9,664,4082.0,1,1,1,0,0,0,0,0,0,0,0,0,1,0,1,1,1,1,1,1,0,0,1,1,1,1,1,1,1,1,1,0,0,0,0,0,0,0,1,1,0,1,128,0.5238095238095238,6.701656626506024,0.5314043754410727,6.147590361445783,1.0901273885350318,0.6092436974787072,0.7188755020070697,0.6999999999995757,0.6606498194942442,0,0,Cluster 0 (n=137)
4486.9,666,4092.0,1,1,1,0,1,0,0,0,0,0,1,0,1,0,1,1,1,1,1,1,0,0,1,1,1,1,1,1,1,1,0,0,0,0,0,0,0,0,1,0,0,1,129,0.5238095238095238,6.737087087087087,0.5299929428369795,6.1441441441441444,1.096505376344086,0.6092436974787072,0.7349397590351607,0.7151515151510818,0.6606498194942442,0,0,Cluster 0 (n=137)
4493.7,668,3690.0,1,1,1,0,1,0,0,0,0,0,1,1,0,1,1,1,1,1,1,1,0,0,1,1,1,1,1,1,0,1,0,0,0,0,0,0,0,0,1,0,0,1,130,0.5238095238095238,6.7270958083832335,0.5285815102328864,5.523952095808383,1.2178048780487805,0.5714285714283046,0.6506024096376832,0.6303030303026483,0.5884476534292994,0,0,Cluster 0 (n=137)
4497.9,671,4116.0,1,1,1,0,0,0,0,0,0,0,0,0,1,0,1,1,1,1,1,1,1,0,1,1,1,1,1,1,1,1,0,0,0,0,0,0,0,1,1,1,0,1,131,0.5476190476190477,6.703278688524589,0.5264643613267467,6.134128166915052,1.0927842565597667,0.621848739495508,0.7269076305211153,0.7303030303025877,0.642599277978008,0,0,Cluster 0 (n=137)
4526.7,673,4027.0,1,1,1,0,0,0,0,0,0,0,0,0,1,0,1,1,1,1,1,1,1,1,1,1,1,1,1,1,1,1,0,0,0,0,0,0,0,1,1,0,0,1,132,0.5476190476190477,6.726151560178306,0.5250529287226535,5.983655274888559,1.1240874099826172,0.6092436974787072,0.7188755020070697,0.7363636363631901,0.628158844765019,0,0,Cluster 0 (n=137)
4515.9,677,4153.0,1,1,1,0,0,0,0,0,0,0,0,0,1,0,1,1,1,1,1,1,0,0,1,1,1,1,1,1,1,1,1,0,0,0,0,0,0,1,1,1,0,1,133,0.5476190476190477,6.670457902511078,0.5222300635144672,6.134416543574594,1.0873826149771249,0.6134453781509741,0.7228915662640926,0.7242424242419853,0.6678700361007386,0,0,Cluster 0 (n=137)
4518.9,677,4127.0,1,1,1,0,0,0,0,0,0,0,0,0,1,0,1,1,1,1,1,1,1,0,1,1,1,1,1,1,1,1,1,0,0,0,0,0,0,0,1,1,0,1,134,0.5476190476190477,6.674889217134416,0.5222300635144672,6.096011816838995,1.0949600193845408,0.6260504201677749,0.7269076305211153,0.7121212121207805,0.6642599277974913,0,0,Cluster 0 (n=137)
4552.9,679,4163.0,1,1,1,0,1,0,0,0,0,0,1,0,1,0,1,1,1,1,1,1,0,0,1,1,1,1,1,1,1,1,0,0,0,0,0,0,0,1,1,0,0,1,135,0.5476190476190477,6.705301914580264,0.5208186309103741,6.131075110456554,1.09365841940908,0.6134453781509741,0.7389558232921835,0.7393939393934913,0.6678700361007386,0,0,Cluster 0 (n=137)
4555.9,679,4137.0,1,1,1,0,1,0,0,0,0,0,1,0,1,0,1,1,1,1,1,1,1,0,1,1,1,1,1,1,1,1,0,0,0,0,0,0,0,0,1,0,0,1,136,0.5476190476190477,6.709720176730485,0.5208186309103741,6.092783505154639,1.1012569494802997,0.6260504201677749,0.7429718875492062,0.7272727272722865,0.6642599277974913,0,0,Cluster 0 (n=137)
4559.7,681,3761.0,1,1,1,0,1,0,0,0,0,0,1,1,0,1,1,1,1,1,1,1,0,0,1,1,1,1,1,1,0,1,0,0,0,0,0,0,0,1,1,0,0,1,137,0.5476190476190477,6.695594713656387,0.5194071983062809,5.522760646108663,1.2123637330497208,0.5756302521005716,0.654618473894706,0.6545454545450579,0.5956678700357939,0,0,Cluster 0 (n=137)
4562.7,681,3735.0,1,1,1,0,1,0,0,0,0,0,1,1,0,1,1,1,1,1,1,1,1,0,1,1,1,1,1,1,0,1,0,0,0,0,0,0,0,0,1,0,0,1,138,0.5476190476190477,6.699999999999999,0.5194071983062809,5.484581497797357,1.2216064257028112,0.5882352941173724,0.6586345381517288,0.6424242424238531,0.5920577617325467,0,0,Cluster 0 (n=137)
4582.7,683,4092.0,1,1,1,0,0,0,0,0,0,0,0,0,1,0,1,1,1,1,1,1,1,1,1,1,1,1,1,1,1,1,0,0,0,0,0,0,0,0,1,1,0,1,139,0.5476190476190477,6.709663250366032,0.5179957657021877,5.99121522693997,1.1199169110459433,0.6344537815123088,0.7269076305211153,0.7212121212116841,0.6389891696747607,0,0,Cluster 0 (n=137)
4557.9,684,4156.0,1,1,1,0,0,0,0,0,0,0,0,0,1,0,1,1,1,1,1,1,1,0,1,1,1,1,1,1,1,1,0,0,1,0,0,0,0,1,1,0,0,1,140,0.5476190476190477,6.66359649122807,0.5172900494001411,6.076023391812866,1.096703561116458,0.621848739495508,0.7389558232921835,0.7484848484843949,0.6534296028877496,0,0,Cluster 0 (n=137)
4573.9,685,4174.0,1,1,1,0,1,0,0,0,0,0,1,0,1,0,1,1,1,1,1,1,0,0,1,1,1,1,1,1,1,1,1,0,0,0,0,0,0,0,1,0,0,1,141,0.5476190476190477,6.677226277372262,0.5165843330980946,6.093430656934307,1.0958073790129372,0.6176470588232411,0.7389558232921835,0.7212121212116841,0.689530685920222,0,0,Cluster 0 (n=137)
4544.9,685,4177.0,1,1,1,0,1,0,1,0,0,0,1,0,1,0,1,1,1,1,1,1,0,0,1,1,1,1,1,1,0,1,0,0,0,0,0,0,0,0,1,0,0,1,142,0.5238095238095238,6.634890510948905,0.5165843330980946,6.097810218978102,1.0880775676322718,0.6302521008400419,0.7429718875492062,0.7151515151510818,0.6642599277974913,0,0,Cluster 0 (n=137)
4569.9,687,4216.0,1,1,1,0,0,0,1,0,0,0,0,0,1,0,1,1,1,1,1,1,0,0,1,1,1,1,1,1,1,1,0,0,0,0,0,0,0,0,1,1,0,1,143,0.5238095238095238,6.651965065502183,0.5151729004940014,6.1368267831149925,1.0839421252371915,0.6344537815123088,0.7510040160632517,0.7212121212116841,0.6642599277974913,0,0,Cluster 0 (n=137)
4608.9,689,4228.0,1,1,1,0,1,0,0,0,0,0,1,0,1,0,1,1,1,1,1,1,0,0,1,1,1,1,1,1,1,1,0,0,0,0,0,0,0,0,1,1,0,1,144,0.5476190476190477,6.689259796806966,0.5137614678899083,6.136429608127721,1.0900898770104068,0.6386554621845758,0.7469879518062289,0.7242424242419853,0.6787003610104803,0,0,Cluster 0 (n=137)
4642.7,691,3821.0,1,1,1,0,1,0,0,0,0,0,1,1,0,1,1,1,1,1,1,1,0,0,1,1,1,1,1,1,1,1,0,0,0,0,0,0,0,0,1,0,0,1,145,0.5476190476190477,6.718813314037626,0.5123500352858151,5.5296671490593345,1.2150484166448574,0.5840336134451055,0.6787148594368424,0.657575757575359,0.6173285198552773,0,0,Cluster 0 (n=137)
4621.9,692,4208.0,1,1,1,0,1,0,0,0,0,0,1,0,1,0,1,1,1,1,1,1,1,0,1,1,1,1,1,1,1,1,0,0,0,0,0,0,0,1,1,0,0,1,146,0.5714285714285714,6.679046242774566,0.5116443189837685,6.08092485549133,1.0983602661596958,0.6302521008400419,0.7469879518062289,0.7515151515146961,0.6714801444039858,0,0,Cluster 0 (n=137)
4610.9,694,4247.0,1,1,1,0,0,0,0,0,0,0,0,0,1,0,1,1,1,1,1,1,0,0,1,1,1,1,1,1,1,1,0,0,1,0,0,0,0,1,1,1,0,1,147,0.5476190476190477,6.643948126801153,0.5102328863796753,6.119596541786744,1.0856840122439368,0.6344537815123088,0.7429718875492062,0.7454545454540936,0.6678700361007386,0,0,Cluster 0 (n=137)
4648.7,696,4163.0,1,1,1,0,0,0,0,0,0,0,0,0,1,0,1,1,1,1,1,1,1,1,1,1,1,1,1,1,1,1,0,0,0,0,0,0,0,1,1,1,0,1,148,0.5714285714285714,6.679166666666666,0.5088214537755822,5.98132183908046,1.1166706701897668,0.6386554621845758,0.730923694778138,0.7454545454540936,0.6462093862812551,0,0,Cluster 0 (n=137)
4639.9,698,4245.0,1,1,1,0,1,0,0,0,0,0,1,0,1,0,1,1,1,1,1,1,0,0,1,1,1,1,1,1,1,1,1,0,0,0,0,0,0,1,1,0,0,1,149,0.5714285714285714,6.647421203438395,0.507410021171489,6.081661891117479,1.093027090694935,0.621848739495508,0.7429718875492062,0.7454545454540936,0.6967509025267165,0,0,Cluster 0 (n=137)
4642.9,698,4219.0,1,1,1,0,1,0,0,0,0,0,1,0,1,0,1,1,1,1,1,1,1,0,1,1,1,1,1,1,1,1,1,0,0,0,0,0,0,0,1,0,0,1,150,0.5714285714285714,6.6517191977077355,0.507410021171489,6.044412607449857,1.1004740459824602,0.6344537815123088,0.7469879518062289,0.7333333333328889,0.6931407942234692,0,0,Cluster 0 (n=137)
4610.9,698,4248.0,1,1,1,0,1,0,1,0,0,0,1,0,1,0,1,1,1,1,1,1,0,0,1,1,1,1,1,1,0,1,0,0,0,0,0,0,0,1,1,0,0,1,151,0.5476190476190477,6.605873925501432,0.507410021171489,6.08595988538682,1.0854284369114877,0.6344537815123088,0.7469879518062289,0.7393939393934913,0.6714801444039858,0,0,Cluster 0 (n=137)
4710.7,699,3891.0,1,1,1,0,1,0,0,0,0,0,1,1,1,1,1,1,1,1,1,0,0,0,1,1,1,1,1,1,0,0,0,0,0,0,0,0,0,0,1,0,0,1,152,0.5,6.739198855507868,0.5067043048694425,5.5665236051502145,1.2106656386533023,0.6092436974787072,0.6746987951798197,0.6636363636359615,0.6209386281585245,0,0,Cluster 0 (n=137)
4635.9,700,4287.0,1,1,1,0,0,0,1,0,0,0,0,0,1,0,1,1,1,1,1,1,0,0,1,1,1,1,1,1,1,1,0,0,0,0,0,0,0,1,1,1,0,1,153,0.5476190476190477,6.622714285714285,0.5059985885673959,6.1242857142857146,1.0813855843247024,0.6386554621845758,0.7550200803202745,0.7454545454540936,0.6714801444039858,0,0,Cluster 0 (n=137)
4638.9,700,4261.0,1,1,1,0,0,0,1,0,0,0,0,0,1,0,1,1,1,1,1,1,1,0,1,1,1,1,1,1,1,1,0,0,0,0,0,0,0,0,1,1,0,1,154,0.5476190476190477,6.627,0.5059985885673959,6.087142857142857,1.0886881013846514,0.6512605042013766,0.7590361445772972,0.7333333333328889,0.6678700361007386,0,0,Cluster 0 (n=137)
4674.9,702,4299.0,1,1,1,0,1,0,0,0,0,0,1,0,1,0,1,1,1,1,1,1,0,0,1,1,1,1,1,1,1,1,0,0,0,0,0,0,0,1,1,1,0,1,155,0.5714285714285714,6.659401709401709,0.5045871559633027,6.1239316239316235,1.0874389392882065,0.6428571428568427,0.7510040160632517,0.7484848484843949,0.6859205776169748,0,0,Cluster 0 (n=137)
4677.9,702,4273.0,1,1,1,0,1,0,0,0,0,0,1,0,1,0,1,1,1,1,1,1,1,0,1,1,1,1,1,1,1,1,0,0,0,0,0,0,0,0,1,1,0,1,156,0.5714285714285714,6.663675213675213,0.5045871559633027,6.086894586894587,1.0947577814182072,0.6554621848736436,0.7550200803202745,0.7363636363631901,0.6823104693137275,0,0,Cluster 0 (n=137)
4692.7,703,3911.0,1,1,1,0,1,0,0,0,0,0,1,1,1,1,1,1,1,1,1,1,0,0,1,1,0,1,1,1,0,0,0,0,0,0,0,0,0,0,1,0,0,1,157,0.5,6.67524893314367,0.5038814396612562,5.563300142247511,1.1998721554589618,0.6050420168064402,0.6666666666657742,0.657575757575359,0.6245487364617718,0,0,Cluster 0 (n=137)
4708.7,704,3892.0,1,1,1,0,1,0,0,0,0,0,1,1,0,1,1,1,1,1,1,1,0,0,1,1,1,1,1,1,1,1,0,0,0,0,0,0,0,1,1,0,0,1,158,0.5714285714285714,6.688494318181818,0.5031757233592096,5.528409090909091,1.2098406988694759,0.5882352941173724,0.6827309236938651,0.6818181818177687,0.6245487364617718,0,0,Cluster 0 (n=137)
4711.7,704,3866.0,1,1,1,0,1,0,0,0,0,0,1,1,0,1,1,1,1,1,1,1,1,0,1,1,1,1,1,1,1,1,0,0,0,0,0,0,0,0,1,0,0,1,159,0.5714285714285714,6.6927556818181815,0.5031757233592096,5.4914772727272725,1.2187532333160889,0.6008403361341733,0.6867469879508878,0.6696969696965638,0.6209386281585245,0,0,Cluster 0 (n=137)
4728.7,706,3941.0,1,1,1,0,1,0,0,0,0,0,1,1,1,1,1,1,1,1,1,1,0,0,1,1,1,0,1,1,0,0,0,0,0,0,0,0,0,0,1,0,0,1,160,0.5,6.697875354107649,0.5017642907551164,5.5821529745042495,1.1998731286475512,0.6008403361341733,0.6867469879508878,0.6757575757571662,0.6245487364617718,0,0,Cluster 0 (n=137)
4679.9,707,4292.0,1,1,1,0,0,0,0,0,0,0,0,0,1,0,1,1,1,1,1,1,1,0,1,1,1,1,1,1,1,1,0,0,1,0,0,0,0,1,1,1,0,1,161,0.5714285714285714,6.619377652050919,0.5010585744530699,6.070721357850071,1.0903774464119291,0.6512605042013766,0.7510040160632517,0.7575757575752985,0.6714801444039858,0,0,Cluster 0 (n=137)
4695.9,708,4310.0,1,1,1,0,1,0,0,0,0,0,1,0,1,0,1,1,1,1,1,1,0,0,1,1,1,1,1,1,1,1,1,0,0,0,0,0,0,0,1,1,0,1,162,0.5714285714285714,6.632627118644067,0.5003528581510233,6.0875706214689265,1.08953596287703,0.6470588235291097,0.7510040160632517,0.7303030303025877,0.7075812274364582,0,0,Cluster 0 (n=137)
4708.7,709,4203.0,1,1,1,0,0,0,0,0,0,0,0,0,1,0,1,1,1,1,1,1,1,1,1,1,1,1,1,1,1,1,0,0,1,0,0,0,0,1,1,0,0,1,163,0.5714285714285714,6.64132581100141,0.49964714184897674,5.928067700987306,1.1203188198905543,0.6386554621845758,0.7429718875492062,0.7636363636359008,0.6570397111909969,0,0,Cluster 0 (n=137)
4729.7,710,3903.0,1,1,1,0,1,0,0,0,0,0,1,1,0,1,1,1,1,1,1,1,0,0,1,1,1,1,1,1,1,1,1,0,0,0,0,0,0,0,1,0,0,1,164,0.5714285714285714,6.661549295774647,0.49894142554693016,5.497183098591549,1.2118114271073532,0.5924369747896394,0.6827309236938651,0.6636363636359615,0.6462093862812551,0,0,Cluster 0 (n=137)
4708.9,711,4290.0,1,1,1,0,1,0,0,0,0,0,1,0,1,0,1,1,1,1,1,1,1,0,1,1,1,1,1,1,1,1,1,0,0,0,0,0,0,1,1,0,0,1,165,0.5952380952380952,6.622925457102672,0.4982357092448836,6.033755274261603,1.0976456876456875,0.6386554621845758,0.7510040160632517,0.7575757575752985,0.7003610108299637,0,0,Cluster 0 (n=137)
4836.7,712,4027.0,1,1,1,0,1,0,0,0,0,0,1,1,1,1,1,1,1,1,1,1,0,0,1,1,1,1,1,1,0,0,0,0,0,0,0,0,0,0,1,0,0,1,166,0.5238095238095238,6.793117977528089,0.497529992942837,5.655898876404494,1.2010677924012911,0.621848739495508,0.6947791164649334,0.6848484848480698,0.6462093862812551,0,0,Cluster 0 (n=137)
4704.9,713,4332.0,1,1,1,0,0,0,1,0,0,0,0,0,1,0,1,1,1,1,1,1,1,0,1,1,1,1,1,1,1,1,0,0,0,0,0,0,0,1,1,1,0,1,167,0.5714285714285714,6.598737727910238,0.49682427664079043,6.075736325385694,1.0860803324099721,0.6554621848736436,0.7630522088343199,0.7575757575752985,0.6750902527072331,0,0,Cluster 0 (n=137)
4743.9,715,4344.0,1,1,1,0,1,0,0,0,0,0,1,0,1,0,1,1,1,1,1,1,1,0,1,1,1,1,1,1,1,1,0,0,0,0,0,0,0,1,1,1,0,1,168,0.5952380952380952,6.634825174825174,0.4954128440366973,6.0755244755244755,1.0920580110497238,0.6596638655459105,0.7590361445772972,0.7606060606055997,0.689530685920222,0,0,Cluster 0 (n=137)
4859.7,718,4037.0,1,1,1,0,1,0,0,0,0,0,1,1,1,1,1,1,1,1,1,0,0,0,1,1,1,1,1,1,0,1,0,0,0,0,0,0,0,0,1,0,0,1,169,0.5238095238095238,6.768384401114206,0.49329569513055754,5.6225626740947074,1.2037899430270003,0.621848739495508,0.7028112449789788,0.6909090909086721,0.6498194945845024,0,0,Cluster 0 (n=137)
4722.9,719,4369.0,1,1,1,0,0,0,1,0,0,0,0,0,1,0,1,1,1,1,1,1,0,0,1,1,1,1,1,1,1,1,1,0,0,0,0,0,0,1,1,1,0,1,170,0.5714285714285714,6.5687065368567445,0.49258997882851097,6.076495132127955,1.081002517738613,0.6470588235291097,0.7590361445772972,0.7515151515146961,0.7003610108299637,0,0,Cluster 0 (n=137)
4761.9,721,4381.0,1,1,1,0,1,0,0,0,0,0,1,0,1,0,1,1,1,1,1,1,0,0,1,1,1,1,1,1,1,1,1,0,0,0,0,0,0,1,1,1,0,1,171,0.5952380952380952,6.604576976421636,0.4911785462244178,6.076282940360611,1.0869436201780414,0.6512605042013766,0.7550200803202745,0.7545454545449972,0.7148014440429526,0,0,Cluster 0 (n=137)
4764.9,721,4355.0,1,1,1,0,1,0,0,0,0,0,1,0,1,0,1,1,1,1,1,1,1,0,1,1,1,1,1,1,1,1,1,0,0,0,0,0,0,0,1,1,0,1,172,0.5952380952380952,6.6087378640776695,0.4911785462244178,6.040221914008322,1.094121699196326,0.6638655462181775,0.7590361445772972,0.7424242424237925,0.7111913357397054,0,0,Cluster 0 (n=137)
4841.7,722,4057.0,1,1,1,0,1,0,0,0,0,0,1,1,1,1,1,1,1,1,1,1,0,0,1,1,0,1,1,1,0,1,0,0,0,0,0,0,0,0,1,0,0,1,173,0.5238095238095238,6.70595567867036,0.49047282992237123,5.619113573407202,1.1934187823514912,0.6176470588232411,0.6947791164649334,0.6848484848480698,0.6534296028877496,0,0,Cluster 0 (n=137)
4789.7,725,4308.0,1,1,1,0,0,0,1,0,0,0,0,0,1,0,1,1,1,1,1,1,1,1,1,1,1,1,1,1,1,1,0,0,0,0,0,0,0,0,1,1,0,1,174,0.5714285714285714,6.60648275862069,0.4883556810162315,5.942068965517241,1.1118152274837512,0.6680672268904444,0.7630522088343199,0.7484848484843949,0.6714801444039858,0,0,Cluster 0 (n=137)
4902.7,725,4098.0,1,1,1,0,1,0,0,0,0,0,1,1,1,1,1,1,1,1,1,1,0,0,1,1,1,1,1,1,0,0,0,0,0,0,0,0,0,1,1,0,0,1,175,0.5476190476190477,6.762344827586206,0.4883556810162315,5.652413793103448,1.1963640800390434,0.6260504201677749,0.6987951807219561,0.7090909090904793,0.6534296028877496,0,0,Cluster 0 (n=137)
4905.7,725,4072.0,1,1,1,0,1,0,0,0,0,0,1,1,1,1,1,1,1,1,1,1,1,0,1,1,1,1,1,1,0,0,0,0,0,0,0,0,0,0,1,0,0,1,176,0.5476190476190477,6.76648275862069,0.4883556810162315,5.616551724137931,1.2047396856581531,0.6386554621845758,0.7028112449789788,0.6969696969692746,0.6498194945845024,0,0,Cluster 0 (n=137)
4766.9,726,4374.0,1,1,1,0,0,0,0,0,0,0,0,0,1,0,1,1,1,1,1,1,1,0,1,1,1,1,1,1,1,1,1,0,1,0,0,0,0,1,1,1,0,1,177,0.5952380952380952,6.565977961432506,0.4876499647141849,6.024793388429752,1.0898262459990855,0.6596638655459105,0.7550200803202745,0.7636363636359008,0.7003610108299637,0,0,Cluster 0 (n=137)
4780.9,727,4390.0,1,1,1,0,1,0,1,0,0,0,1,0,1,0,1,1,1,1,1,1,0,0,1,1,1,1,1,1,1,1,1,0,0,0,0,0,0,0,1,0,0,1,178,0.5714285714285714,6.576203576341127,0.48694424841213835,6.038514442916093,1.0890432801822323,0.6512605042013766,0.7751004016053881,0.7484848484843949,0.7220216606494472,0,0,Cluster 0 (n=137)
4803.9,728,4384.0,1,1,1,0,1,0,0,0,0,0,1,0,1,0,1,1,1,1,1,1,1,0,1,1,1,1,1,1,1,1,0,0,1,0,0,0,0,1,1,0,0,1,179,0.5952380952380952,6.598763736263736,0.48623853211009177,6.021978021978022,1.095780109489051,0.6596638655459105,0.7710843373483653,0.7787878787874069,0.7003610108299637,0,0,Cluster 0 (n=137)
4815.9,731,4444.0,1,1,1,0,1,0,1,0,0,0,1,0,1,0,1,1,1,1,1,1,0,0,1,1,1,1,1,1,1,1,0,0,0,0,0,0,0,0,1,1,0,1,180,0.5714285714285714,6.588098495212038,0.48412138320395204,6.079343365253078,1.0836858685868587,0.6722689075627114,0.7831325301194336,0.7515151515146961,0.7111913357397054,0,0,Cluster 0 (n=137)
4985.7,731,4173.0,1,1,1,0,1,0,0,0,0,0,1,1,1,1,1,1,1,1,1,1,0,0,1,1,1,1,1,1,0,1,0,0,0,0,0,0,0,0,1,0,0,1,181,0.5476190476190477,6.820383036935704,0.48412138320395204,5.708618331053351,1.1947519769949677,0.6344537815123088,0.7228915662640926,0.7121212121207805,0.6750902527072331,0,0,Cluster 0 (n=137)
4830.7,732,4339.0,1,1,1,0,0,0,0,0,0,0,0,0,1,0,1,1,1,1,1,1,1,1,1,1,1,1,1,1,1,1,0,0,1,0,0,0,0,1,1,1,0,1,182,0.5952380952380952,6.59931693989071,0.48341566690190546,5.9275956284153,1.1133210417146808,0.6680672268904444,0.7550200803202745,0.7727272727268044,0.6750902527072331,0,0,Cluster 0 (n=137)
4830.9,734,4426.0,1,1,1,0,1,0,0,0,0,0,1,0,1,0,1,1,1,1,1,1,1,0,1,1,1,1,1,1,1,1,1,0,0,0,0,0,0,1,1,1,0,1,183,0.6190476190476191,6.5816076294277925,0.4820042342978123,6.029972752043597,1.0914821509263442,0.6680672268904444,0.7630522088343199,0.766666666666202,0.7184115523461999,0,0,Cluster 0 (n=137)
4817.9,736,4463.0,1,1,1,0,0,0,1,0,0,0,0,0,1,0,1,1,1,1,1,1,0,0,1,1,1,1,1,1,1,1,0,0,1,0,0,0,0,1,1,1,0,1,184,0.5714285714285714,6.546059782608695,0.48059280169371915,6.063858695652174,1.0795205019045484,0.6680672268904444,0.7791164658624108,0.7727272727268044,0.7003610108299637,0,0,Cluster 0 (n=137)
4856.9,738,4475.0,1,1,1,0,1,0,0,0,0,0,1,0,1,0,1,1,1,1,1,1,0,0,1,1,1,1,1,1,1,1,0,0,1,0,0,0,0,1,1,1,0,1,185,0.5952380952380952,6.581165311653116,0.479181369089626,6.063685636856369,1.0853407821229049,0.6722689075627114,0.7751004016053881,0.7757575757571056,0.7148014440429526,0,0,Cluster 0 (n=137)
5008.7,741,4168.0,1,1,1,0,1,0,0,0,0,0,1,1,1,1,1,1,1,1,1,0,0,0,1,1,1,1,1,1,1,1,0,0,0,0,0,0,0,0,1,0,0,1,186,0.5476190476190477,6.7593792172739535,0.47706422018348627,5.624831309041835,1.2017034548944336,0.6344537815123088,0.730923694778138,0.7181818181813829,0.6787003610104803,0,0,Cluster 0 (n=137)
4881.9,744,4515.0,1,1,1,0,1,0,1,0,0,0,1,0,1,0,1,1,1,1,1,1,0,0,1,1,1,1,1,1,1,1,0,0,0,0,0,0,0,1,1,1,0,1,187,0.5952380952380952,6.561693548387097,0.47494707127734653,6.068548387096774,1.0812624584717607,0.6764705882349783,0.7871485943764563,0.7757575757571056,0.7184115523461999,0,0,Cluster 0 (n=137)
4884.9,744,4489.0,1,1,1,0,1,0,1,0,0,0,1,0,1,0,1,1,1,1,1,1,1,0,1,1,1,1,1,1,1,1,0,0,0,0,0,0,0,0,1,1,0,1,188,0.5952380952380952,6.565725806451613,0.47494707127734653,6.033602150537634,1.0881933615504567,0.6890756302517791,0.7911646586334791,0.7636363636359008,0.7148014440429526,0,0,Cluster 0 (n=137)
5051.7,744,4244.0,1,1,1,0,1,0,0,0,0,0,1,1,1,1,1,1,1,1,1,1,0,0,1,1,1,1,1,1,0,1,0,0,0,0,0,0,0,1,1,0,0,1,189,0.5714285714285714,6.78991935483871,0.47494707127734653,5.704301075268817,1.190315739868049,0.6386554621845758,0.7269076305211153,0.7363636363631901,0.6823104693137275,0,0,Cluster 0 (n=137)
5054.7,744,4218.0,1,1,1,0,1,0,0,0,0,0,1,1,1,1,1,1,1,1,1,1,1,0,1,1,1,1,1,1,0,1,0,0,0,0,0,0,0,0,1,0,0,1,190,0.5714285714285714,6.793951612903226,0.47494707127734653,5.669354838709677,1.1983641536273115,0.6512605042013766,0.730923694778138,0.7242424242419853,0.6787003610104803,0,0,Cluster 0 (n=137)
4890.9,747,4466.0,1,1,1,0,1,0,0,0,0,0,1,0,1,0,1,1,1,1,1,1,1,0,1,1,1,1,1,1,1,1,1,0,1,0,0,0,0,1,1,0,0,1,191,0.6190476190476191,6.547389558232931,0.4728299223712068,5.978580990629183,1.095141065830721,0.6680672268904444,0.7751004016053881,0.7848484848480092,0.7292418772559416,0,0,Cluster 0 (n=137)
4886.9,749,4508.0,1,1,1,0,0,0,1,0,0,0,0,0,1,0,1,1,1,1,1,1,1,0,1,1,1,1,1,1,1,1,0,0,1,0,0,0,0,1,1,1,0,1,192,0.5952380952380952,6.524566088117489,0.47141848976711365,6.018691588785047,1.08405057675244,0.6848739495795122,0.7871485943764563,0.7848484848480092,0.703971119133211,0,0,Cluster 0 (n=137)
4902.9,750,4526.0,1,1,1,0,1,0,1,0,0,0,1,0,1,0,1,1,1,1,1,1,0,0,1,1,1,1,1,1,1,1,1,0,0,0,0,0,0,0,1,1,0,1,193,0.5952380952380952,6.5371999999999995,0.47071277346506707,6.034666666666666,1.0832744144940343,0.6806722689072453,0.7871485943764563,0.7575757575752985,0.7400722021656833,0,0,Cluster 0 (n=137)
5072.7,750,4255.0,1,1,1,0,1,0,0,0,0,0,1,1,1,1,1,1,1,1,1,1,0,0,1,1,1,1,1,1,0,1,1,0,0,0,0,0,0,0,1,0,0,1,194,0.5714285714285714,6.763599999999999,0.47071277346506707,5.673333333333333,1.1921739130434783,0.6428571428568427,0.7269076305211153,0.7181818181813829,0.703971119133211,0,0,Cluster 0 (n=137)
4925.9,751,4520.0,1,1,1,0,1,0,0,0,0,0,1,0,1,0,1,1,1,1,1,1,1,0,1,1,1,1,1,1,1,1,0,0,1,0,0,0,0,1,1,1,0,1,195,0.6190476190476191,6.559121171770972,0.4700070571630205,6.018641810918775,1.0898008849557521,0.6890756302517791,0.7831325301194336,0.7878787878783103,0.7184115523461999,0,0,Cluster 0 (n=137)
5134.7,754,4304.0,1,1,1,0,1,0,0,0,0,0,1,1,1,1,1,1,1,1,1,1,0,0,1,1,1,1,1,1,1,1,0,0,0,0,0,0,0,0,1,0,0,1,196,0.5714285714285714,6.809946949602121,0.46788990825688076,5.708222811671088,1.1930065055762082,0.6470588235291097,0.7510040160632517,0.7393939393934913,0.703971119133211,0,0,Cluster 0 (n=137)
4904.9,755,4545.0,1,1,1,0,0,0,1,0,0,0,0,0,1,0,1,1,1,1,1,1,0,0,1,1,1,1,1,1,1,1,1,0,1,0,0,0,0,1,1,1,0,1,197,0.5952380952380952,6.496556291390728,0.4671841919548342,6.0198675496688745,1.079185918591859,0.6764705882349783,0.7831325301194336,0.7787878787874069,0.7292418772559416,0,0,Cluster 0 (n=137)
4950.9,757,4560.0,1,1,1,0,1,0,1,0,0,0,1,0,1,0,1,1,1,1,1,1,1,0,1,1,1,1,1,1,1,1,0,0,0,0,0,0,0,1,1,1,0,1,198,0.6190476190476191,6.540158520475561,0.46577275935074103,6.023778071334214,1.0857236842105262,0.6932773109240461,0.7951807228905018,0.7878787878783103,0.7220216606494472,0,0,Cluster 0 (n=137)
4968.9,763,4597.0,1,1,1,0,1,0,1,0,0,0,1,0,1,0,1,1,1,1,1,1,0,0,1,1,1,1,1,1,1,1,1,0,0,0,0,0,0,1,1,1,0,1,199,0.6190476190476191,6.512319790301441,0.46153846153846156,6.024901703800786,1.0809005873395692,0.6848739495795122,0.7911646586334791,0.781818181817708,0.7472924187721778,0,0,Cluster 0 (n=137)
4971.9,763,4571.0,1,1,1,0,1,0,1,0,0,0,1,0,1,0,1,1,1,1,1,1,1,0,1,1,1,1,1,1,1,1,1,0,0,0,0,0,0,0,1,1,0,1,200,0.6190476190476191,6.516251638269987,0.46153846153846156,5.990825688073395,1.0877050973528768,0.697478991596313,0.7951807228905018,0.7696969696965033,0.7436823104689305,0,0,Cluster 0 (n=137)
5138.7,763,4326.0,1,1,1,0,1,0,0,0,0,0,1,1,1,1,1,1,1,1,1,1,0,0,1,1,1,1,1,1,0,1,1,0,0,0,0,0,0,1,1,0,0,1,201,0.5952380952380952,6.734862385321101,0.46153846153846156,5.669724770642202,1.1878640776699028,0.6470588235291097,0.730923694778138,0.7424242424237925,0.7111913357397054,0,0,Cluster 0 (n=137)
5141.7,763,4300.0,1,1,1,0,1,0,0,0,0,0,1,1,1,1,1,1,1,1,1,1,1,0,1,1,1,1,1,1,0,1,1,0,0,0,0,0,0,0,1,0,0,1,202,0.5952380952380952,6.738794233289646,0.46153846153846156,5.6356487549148095,1.1957441860465117,0.6596638655459105,0.7349397590351607,0.7303030303025877,0.7075812274364582,0,0,Cluster 0 (n=137)
4977.3,765,4350.0,1,1,1,0,1,0,0,0,0,0,1,0,1,1,1,1,1,1,1,1,1,0,1,1,1,1,1,1,1,1,0,0,0,0,0,0,0,0,1,1,0,1,203,0.5952380952380952,6.506274509803922,0.4601270289343684,5.686274509803922,1.1442068965517243,0.6680672268904444,0.7630522088343199,0.7484848484843949,0.6967509025267165,0,0,Cluster 0 (n=137)
5200.7,767,4375.0,1,1,1,0,1,0,0,0,0,0,1,1,1,1,1,1,1,1,1,1,0,0,1,1,1,1,1,1,1,1,0,0,0,0,0,0,0,1,1,0,0,1,204,0.5952380952380952,6.78057366362451,0.45871559633027525,5.704041720990873,1.1887314285714286,0.6512605042013766,0.7550200803202745,0.7636363636359008,0.7111913357397054,0,0,Cluster 0 (n=137)
5203.7,767,4349.0,1,1,1,0,1,0,0,0,0,0,1,1,1,1,1,1,1,1,1,1,1,0,1,1,1,1,1,1,1,1,0,0,0,0,0,0,0,0,1,0,0,1,205,0.5952380952380952,6.784485006518905,0.45871559633027525,5.670143415906128,1.1965279374568867,0.6638655462181775,0.7590361445772972,0.7515151515146961,0.7075812274364582,0,0,Cluster 0 (n=137)
4973.9,768,4590.0,1,1,1,0,0,0,1,0,0,0,0,0,1,0,1,1,1,1,1,1,1,0,1,1,1,1,1,1,1,1,1,0,1,0,0,0,0,1,1,1,0,1,206,0.6190476190476191,6.476432291666666,0.4580098800282287,5.9765625,1.0836383442265793,0.6932773109240461,0.7911646586334791,0.7909090909086116,0.7328519855591888,0,0,Cluster 0 (n=137)
4980.9,769,4592.0,1,1,1,0,1,0,1,0,1,0,1,0,1,0,1,1,1,1,1,1,0,0,1,1,1,1,1,1,1,1,1,0,0,0,0,0,0,0,1,1,0,1,207,0.6190476190476191,6.477113133940182,0.4573041637261821,5.971391417425227,1.0846907665505225,0.6890756302517791,0.7951807228905018,0.7606060606055997,0.765342960288414,0,0,Cluster 0 (n=137)
5205.5,769,4265.0,1,1,1,0,1,0,0,0,0,0,1,1,1,1,1,1,1,1,1,1,1,1,1,1,1,1,1,1,0,1,0,0,0,0,0,0,0,0,1,0,0,1,208,0.5952380952380952,6.769180754226268,0.4573041637261821,5.5461638491547465,1.2205158264947245,0.6680672268904444,0.7349397590351607,0.7393939393934913,0.6823104693137275,0,0,Cluster 0 (n=137)
5012.9,770,4602.0,1,1,1,0,1,0,0,0,0,0,1,0,1,0,1,1,1,1,1,1,1,0,1,1,1,1,1,1,1,1,1,0,1,0,0,0,0,1,1,1,0,1,209,0.6428571428571429,6.51025974025974,0.4565984474241355,5.976623376623377,1.0892872664059103,0.697478991596313,0.7871485943764563,0.7939393939389128,0.7472924187721778,0,0,Cluster 0 (n=137)
5221.7,773,4386.0,1,1,1,0,1,0,0,0,0,0,1,1,1,1,1,1,1,1,1,1,0,0,1,1,1,1,1,1,1,1,1,0,0,0,0,0,0,0,1,0,0,1,210,0.5952380952380952,6.755109961190168,0.4544812985179958,5.6739974126778785,1.1905380756953945,0.6554621848736436,0.7550200803202745,0.7454545454540936,0.7328519855591888,0,0,Cluster 0 (n=137)
5192.7,773,4389.0,1,1,1,0,1,0,1,0,0,0,1,1,1,1,1,1,1,1,1,1,0,0,1,1,1,1,1,1,0,1,0,0,0,0,0,0,0,0,1,0,0,1,211,0.5714285714285714,6.717593790426908,0.4544812985179958,5.677878395860285,1.183116883116883,0.6680672268904444,0.7590361445772972,0.7393939393934913,0.7075812274364582,0,0,Cluster 0 (n=137)
4980.9,774,4612.0,1,1,1,0,1,0,1,0,0,0,0,0,1,0,1,1,1,1,1,1,0,0,1,1,1,1,1,1,1,1,1,0,1,0,0,0,0,1,1,1,0,1,212,0.6190476190476191,6.435271317829457,0.4537755822159492,5.958656330749354,1.0799869904596704,0.6890756302517791,0.7951807228905018,0.781818181817708,0.7472924187721778,0,0,Cluster 0 (n=137)
5037.7,774,4555.0,1,1,1,0,0,0,1,0,0,0,0,0,1,0,1,1,1,1,1,1,1,1,1,1,1,1,1,1,1,1,0,0,1,0,0,0,0,1,1,1,0,1,213,0.6190476190476191,6.5086563307493535,0.4537755822159492,5.885012919896641,1.1059714599341384,0.70168067226858,0.7911646586334791,0.7999999999995152,0.7075812274364582,0,0,Cluster 0 (n=137)
5037.9,776,4642.0,1,1,1,0,1,0,1,0,0,0,1,0,1,0,1,1,1,1,1,1,1,0,1,1,1,1,1,1,1,1,1,0,0,0,0,0,0,1,1,1,0,1,214,0.6428571428571429,6.492139175257732,0.45236414961185606,5.981958762886598,1.0852865144334338,0.70168067226858,0.7991967871475245,0.7939393939389128,0.750902527075425,0,0,Cluster 0 (n=137)
5256.7,777,4440.0,1,1,1,0,1,0,0,0,0,0,1,1,1,1,1,1,1,1,1,1,0,0,1,1,1,1,1,1,1,1,0,0,0,0,0,0,0,0,1,1,0,1,215,0.5952380952380952,6.765379665379665,0.4516584333098095,5.714285714285714,1.1839414414414413,0.6764705882349783,0.7630522088343199,0.7484848484843949,0.7220216606494472,0,0,Cluster 0 (n=137)
5063.9,780,4691.0,1,1,1,0,1,0,1,0,0,0,1,0,1,0,1,1,1,1,1,1,0,0,1,1,1,1,1,1,1,1,0,0,1,0,0,0,0,1,1,1,0,1,216,0.6190476190476191,6.492179487179487,0.44954128440366975,6.014102564102564,1.0794926454913665,0.7058823529408469,0.8112449799185927,0.8030303030298164,0.7472924187721778,0,0,Cluster 0 (n=137)
5269.7,780,4420.0,1,1,1,0,1,0,0,0,0,0,1,1,1,1,1,1,1,1,1,1,1,0,1,1,1,1,1,1,1,1,0,0,0,0,0,0,0,1,1,0,0,1,217,0.6190476190476191,6.756025641025641,0.44954128440366975,5.666666666666667,1.192239819004525,0.6680672268904444,0.7630522088343199,0.7757575757571056,0.7148014440429526,0,0,Cluster 0 (n=137)
5271.5,782,4336.0,1,1,1,0,1,0,0,0,0,0,1,1,1,1,1,1,1,1,1,1,1,1,1,1,1,1,1,1,0,1,0,0,0,0,0,0,0,1,1,0,0,1,218,0.6190476190476191,6.741048593350383,0.4481298517995766,5.544757033248082,1.2157518450184501,0.6722689075627114,0.7389558232921835,0.7636363636359008,0.689530685920222,0,0,Cluster 0 (n=137)
5287.7,786,4457.0,1,1,1,0,1,0,0,0,0,0,1,1,1,1,1,1,1,1,1,1,0,0,1,1,1,1,1,1,1,1,1,0,0,0,0,0,0,1,1,0,0,1,219,0.6190476190476191,6.72735368956743,0.4453069865913903,5.6704834605597965,1.1863809737491586,0.6596638655459105,0.7590361445772972,0.7696969696965033,0.7400722021656833,0,0,Cluster 0 (n=137)
5290.7,786,4431.0,1,1,1,0,1,0,0,0,0,0,1,1,1,1,1,1,1,1,1,1,1,0,1,1,1,1,1,1,1,1,1,0,0,0,0,0,0,0,1,0,0,1,220,0.6190476190476191,6.731170483460559,0.4453069865913903,5.637404580152672,1.1940194087113518,0.6722689075627114,0.7630522088343199,0.7575757575752985,0.7364620938624361,0,0,Cluster 0 (n=137)
5258.7,786,4460.0,1,1,1,0,1,0,1,0,0,0,1,1,1,1,1,1,1,1,1,1,0,0,1,1,1,1,1,1,0,1,0,0,0,0,0,0,0,1,1,0,0,1,221,0.5952380952380952,6.6904580152671755,0.4453069865913903,5.674300254452926,1.1790807174887892,0.6722689075627114,0.7630522088343199,0.7636363636359008,0.7148014440429526,0,0,Cluster 0 (n=137)
5292.5,788,4347.0,1,1,1,0,1,0,0,0,0,0,1,1,1,1,1,1,1,1,1,1,1,1,1,1,1,1,1,1,0,1,1,0,0,0,0,0,0,0,1,0,0,1,222,0.6190476190476191,6.716370558375634,0.44389555398729713,5.516497461928934,1.2175063262019783,0.6764705882349783,0.7389558232921835,0.7454545454540936,0.7111913357397054,0,0,Cluster 0 (n=137)
5097.9,789,4682.0,1,1,1,0,1,0,1,0,0,0,1,0,1,0,1,1,1,1,1,1,1,0,1,1,1,1,1,1,1,1,1,0,1,0,0,0,0,1,1,0,0,1,223,0.6428571428571429,6.461216730038022,0.44318983768525055,5.934093789607098,1.0888295600170865,0.70168067226858,0.8112449799185927,0.81212121212072,0.7617328519851667,0,0,Cluster 0 (n=137)
5322.7,790,4511.0,1,1,1,0,1,0,0,0,0,0,1,1,1,1,1,1,1,1,1,1,0,0,1,1,1,1,1,1,1,1,0,0,0,0,0,0,0,1,1,1,0,1,224,0.6190476190476191,6.73759493670886,0.442484121383204,5.710126582278481,1.179937929505653,0.6806722689072453,0.7670682730913426,0.7727272727268044,0.7292418772559416,0,0,Cluster 0 (n=137)
5325.7,790,4485.0,1,1,1,0,1,0,0,0,0,0,1,1,1,1,1,1,1,1,1,1,1,0,1,1,1,1,1,1,1,1,0,0,0,0,0,0,0,0,1,1,0,1,225,0.6190476190476191,6.741392405063291,0.442484121383204,5.677215189873418,1.1874470457079151,0.6932773109240461,0.7710843373483653,0.7606060606055997,0.7256317689526943,0,0,Cluster 0 (n=137)
5354.5,792,4396.0,1,1,1,0,1,0,0,0,0,0,1,1,1,1,1,1,1,1,1,1,1,1,1,1,1,1,1,1,1,1,0,0,0,0,0,0,0,0,1,0,0,1,226,0.6190476190476191,6.7607323232323235,0.4410726887791108,5.55050505050505,1.218039126478617,0.6806722689072453,0.7630522088343199,0.766666666666202,0.7111913357397054,0,0,Cluster 0 (n=137)
